{"epoch_train_losses": [3.4000824266358425, 2.7678789708175158, 2.5759206861257553, 2.3824180913598916, 2.151675119996071, 1.9856825584643765, 1.8413874067758258, 1.7111252812962783, 1.5926259952156168, 1.479572086349914, 1.377189633877654, 1.288387404460656, 1.210478293268304, 1.1432484576576634, 1.0853854182519411, 1.0355409595527147, 0.9915359984887274, 0.9512668928425563, 0.9151546510034486, 0.8827366760294688], "epoch_test_losses": [3.7771660842393575, 3.9988496585896143, 3.9310568884799353, 3.8252481755457426, 3.6593742558830664, 3.538648878273211, 3.4195189099562797, 3.3018672717245003, 3.178068386880975, 3.092012006985514, 3.0398308697499727, 2.9707026011065434, 2.9179328648667586, 2.8711766851575753, 2.8423780391090796, 2.8687154838913367, 2.8424209575904045, 2.8166248484661707, 2.803330139109963, 2.747294451061048], "epoch_bleu_scores": [0.13537794367098957, 0.13006158842157176, 0.1463246185786649, 0.15820276804747171, 0.1677779241680517, 0.1687325208065152, 0.16887789952389215, 0.1698169762006386, 0.16699341150363714, 0.16864307249164787, 0.17031785609312908, 0.17073124814552057, 0.17163070243908166, 0.17327147473176838, 0.17460185503337702, 0.18081086633219, 0.1813016422429389, 0.18099217964162964, 0.1807862594473831, 0.17864065591183254], "model_path": "models/tfrmr_v3_N=1_h=1_B=256.pt"}